profile,operation,repetition,wall_seconds,peak_rss_bytes,objects_per_second,process_exit_code,envelope_status,envelope_exit_code,stdout_sha256,stdout_bytes,canonical_object_count
workstation,parse-and-schema-validate,1,3.83,540086272,15953.263707571801,0,ok,0,sha256:f3bbed72c11e7d6d4363ce68b7ddd0068a163d3f5761f6d2999a75e704c0588b,212,61101
workstation,parse-and-schema-validate,2,3.87,539852800,15788.372093023256,0,ok,0,sha256:f3bbed72c11e7d6d4363ce68b7ddd0068a163d3f5761f6d2999a75e704c0588b,212,61101
workstation,parse-and-schema-validate,3,3.87,539770880,15788.372093023256,0,ok,0,sha256:f3bbed72c11e7d6d4363ce68b7ddd0068a163d3f5761f6d2999a75e704c0588b,212,61101
workstation,parse-and-schema-validate,4,3.81,539930624,16037.007874015748,0,ok,0,sha256:f3bbed72c11e7d6d4363ce68b7ddd0068a163d3f5761f6d2999a75e704c0588b,212,61101
workstation,parse-and-schema-validate,5,3.84,539779072,15911.71875,0,ok,0,sha256:f3bbed72c11e7d6d4363ce68b7ddd0068a163d3f5761f6d2999a75e704c0588b,212,61101
workstation,parse-and-schema-validate,6,3.86,539947008,15829.274611398965,0,ok,0,sha256:f3bbed72c11e7d6d4363ce68b7ddd0068a163d3f5761f6d2999a75e704c0588b,212,61101
workstation,parse-and-schema-validate,7,3.95,539889664,15468.607594936708,0,ok,0,sha256:f3bbed72c11e7d6d4363ce68b7ddd0068a163d3f5761f6d2999a75e704c0588b,212,61101
workstation,whole-project-semantic-validate,1,3.87,539934720,15788.372093023256,0,ok,0,sha256:f3bbed72c11e7d6d4363ce68b7ddd0068a163d3f5761f6d2999a75e704c0588b,212,61101
workstation,whole-project-semantic-validate,2,3.92,539627520,15586.989795918367,0,ok,0,sha256:f3bbed72c11e7d6d4363ce68b7ddd0068a163d3f5761f6d2999a75e704c0588b,212,61101
workstation,whole-project-semantic-validate,3,3.88,539942912,15747.680412371134,0,ok,0,sha256:f3bbed72c11e7d6d4363ce68b7ddd0068a163d3f5761f6d2999a75e704c0588b,212,61101
workstation,whole-project-semantic-validate,4,3.91,539979776,15626.85421994885,0,ok,0,sha256:f3bbed72c11e7d6d4363ce68b7ddd0068a163d3f5761f6d2999a75e704c0588b,212,61101
workstation,whole-project-semantic-validate,5,3.88,540020736,15747.680412371134,0,ok,0,sha256:f3bbed72c11e7d6d4363ce68b7ddd0068a163d3f5761f6d2999a75e704c0588b,212,61101
workstation,whole-project-semantic-validate,6,3.89,539885568,15707.19794344473,0,ok,0,sha256:f3bbed72c11e7d6d4363ce68b7ddd0068a163d3f5761f6d2999a75e704c0588b,212,61101
workstation,whole-project-semantic-validate,7,3.89,539893760,15707.19794344473,0,ok,0,sha256:f3bbed72c11e7d6d4363ce68b7ddd0068a163d3f5761f6d2999a75e704c0588b,212,61101
workstation,build-in-memory-projection,1,3.87,539803648,15788.372093023256,0,ok,0,sha256:f3bbed72c11e7d6d4363ce68b7ddd0068a163d3f5761f6d2999a75e704c0588b,212,61101
workstation,build-in-memory-projection,2,3.82,539889664,15995.026178010472,0,ok,0,sha256:f3bbed72c11e7d6d4363ce68b7ddd0068a163d3f5761f6d2999a75e704c0588b,212,61101
workstation,build-in-memory-projection,3,3.97,539627520,15390.680100755666,0,ok,0,sha256:f3bbed72c11e7d6d4363ce68b7ddd0068a163d3f5761f6d2999a75e704c0588b,212,61101
workstation,build-in-memory-projection,4,3.82,539918336,15995.026178010472,0,ok,0,sha256:f3bbed72c11e7d6d4363ce68b7ddd0068a163d3f5761f6d2999a75e704c0588b,212,61101
workstation,build-in-memory-projection,5,3.82,539955200,15995.026178010472,0,ok,0,sha256:f3bbed72c11e7d6d4363ce68b7ddd0068a163d3f5761f6d2999a75e704c0588b,212,61101
workstation,build-in-memory-projection,6,3.85,539885568,15870.38961038961,0,ok,0,sha256:f3bbed72c11e7d6d4363ce68b7ddd0068a163d3f5761f6d2999a75e704c0588b,212,61101
workstation,build-in-memory-projection,7,3.85,539955200,15870.38961038961,0,ok,0,sha256:f3bbed72c11e7d6d4363ce68b7ddd0068a163d3f5761f6d2999a75e704c0588b,212,61101
workstation,overview,1,3.87,539885568,15788.372093023256,0,ok,0,sha256:250ca3b8e2e2febc9fead239473b0d0065a4382270a897f388a697ec52b7d342,14675,
workstation,overview,2,3.86,539971584,15829.274611398965,0,ok,0,sha256:250ca3b8e2e2febc9fead239473b0d0065a4382270a897f388a697ec52b7d342,14675,
workstation,overview,3,3.84,539983872,15911.71875,0,ok,0,sha256:250ca3b8e2e2febc9fead239473b0d0065a4382270a897f388a697ec52b7d342,14675,
workstation,overview,4,3.85,539914240,15870.38961038961,0,ok,0,sha256:250ca3b8e2e2febc9fead239473b0d0065a4382270a897f388a697ec52b7d342,14675,
workstation,overview,5,3.83,540008448,15953.263707571801,0,ok,0,sha256:250ca3b8e2e2febc9fead239473b0d0065a4382270a897f388a697ec52b7d342,14675,
workstation,overview,6,3.93,539844608,15547.328244274808,0,ok,0,sha256:250ca3b8e2e2febc9fead239473b0d0065a4382270a897f388a697ec52b7d342,14675,
workstation,overview,7,3.82,539881472,15995.026178010472,0,ok,0,sha256:250ca3b8e2e2febc9fead239473b0d0065a4382270a897f388a697ec52b7d342,14675,
workstation,show-exact-id,1,3.74,540155904,16337.165775401068,0,ok,0,sha256:0e1a6bf17d168f736dc683b6f326f0b09af981f06f529a7ff250571edfc4fde8,36378,
workstation,show-exact-id,2,3.76,539918336,16250.265957446809,0,ok,0,sha256:0e1a6bf17d168f736dc683b6f326f0b09af981f06f529a7ff250571edfc4fde8,36378,
workstation,show-exact-id,3,3.75,540061696,16293.6,0,ok,0,sha256:0e1a6bf17d168f736dc683b6f326f0b09af981f06f529a7ff250571edfc4fde8,36378,
workstation,show-exact-id,4,3.79,539774976,16121.635883905014,0,ok,0,sha256:0e1a6bf17d168f736dc683b6f326f0b09af981f06f529a7ff250571edfc4fde8,36378,
workstation,show-exact-id,5,3.81,539951104,16037.007874015748,0,ok,0,sha256:0e1a6bf17d168f736dc683b6f326f0b09af981f06f529a7ff250571edfc4fde8,36378,
workstation,show-exact-id,6,3.83,539901952,15953.263707571801,0,ok,0,sha256:0e1a6bf17d168f736dc683b6f326f0b09af981f06f529a7ff250571edfc4fde8,36378,
workstation,show-exact-id,7,3.85,540082176,15870.38961038961,0,ok,0,sha256:0e1a6bf17d168f736dc683b6f326f0b09af981f06f529a7ff250571edfc4fde8,36378,
workstation,history-logical-id,1,3.77,539848704,16207.161803713529,0,ok,0,sha256:82d35ccc6a409e96203fa40229a06c8076820d90f9fbd5f113f4db7452dfb68f,180622,
workstation,history-logical-id,2,3.73,539967488,16380.965147453084,0,ok,0,sha256:82d35ccc6a409e96203fa40229a06c8076820d90f9fbd5f113f4db7452dfb68f,180622,
workstation,history-logical-id,3,3.78,540020736,16164.285714285716,0,ok,0,sha256:82d35ccc6a409e96203fa40229a06c8076820d90f9fbd5f113f4db7452dfb68f,180622,
workstation,history-logical-id,4,3.78,539893760,16164.285714285716,0,ok,0,sha256:82d35ccc6a409e96203fa40229a06c8076820d90f9fbd5f113f4db7452dfb68f,180622,
workstation,history-logical-id,5,3.83,540033024,15953.263707571801,0,ok,0,sha256:82d35ccc6a409e96203fa40229a06c8076820d90f9fbd5f113f4db7452dfb68f,180622,
workstation,history-logical-id,6,3.77,539910144,16207.161803713529,0,ok,0,sha256:82d35ccc6a409e96203fa40229a06c8076820d90f9fbd5f113f4db7452dfb68f,180622,
workstation,history-logical-id,7,3.79,539815936,16121.635883905014,0,ok,0,sha256:82d35ccc6a409e96203fa40229a06c8076820d90f9fbd5f113f4db7452dfb68f,180622,
workstation,query-kind-and-thread,1,3.74,539865088,16337.165775401068,0,ok,0,sha256:2d693f3495fd14e2e1aaf5c7a7f7e971bed9045e13752549faa854305bd3be77,387,
workstation,query-kind-and-thread,2,3.81,539828224,16037.007874015748,0,ok,0,sha256:2d693f3495fd14e2e1aaf5c7a7f7e971bed9045e13752549faa854305bd3be77,387,
workstation,query-kind-and-thread,3,3.77,539992064,16207.161803713529,0,ok,0,sha256:2d693f3495fd14e2e1aaf5c7a7f7e971bed9045e13752549faa854305bd3be77,387,
workstation,query-kind-and-thread,4,3.74,540053504,16337.165775401068,0,ok,0,sha256:2d693f3495fd14e2e1aaf5c7a7f7e971bed9045e13752549faa854305bd3be77,387,
workstation,query-kind-and-thread,5,3.72,540053504,16425.0,0,ok,0,sha256:2d693f3495fd14e2e1aaf5c7a7f7e971bed9045e13752549faa854305bd3be77,387,
workstation,query-kind-and-thread,6,3.79,539885568,16121.635883905014,0,ok,0,sha256:2d693f3495fd14e2e1aaf5c7a7f7e971bed9045e13752549faa854305bd3be77,387,
workstation,query-kind-and-thread,7,3.78,540082176,16164.285714285716,0,ok,0,sha256:2d693f3495fd14e2e1aaf5c7a7f7e971bed9045e13752549faa854305bd3be77,387,
workstation,chain-validate,1,3.82,539959296,15995.026178010472,0,ok,0,sha256:7a91723819e5e9edce4d3f0dd8ec30518b298f7361a5ca7f591c22e40e82f940,250,
workstation,chain-validate,2,3.87,539869184,15788.372093023256,0,ok,0,sha256:7a91723819e5e9edce4d3f0dd8ec30518b298f7361a5ca7f591c22e40e82f940,250,
workstation,chain-validate,3,3.81,539885568,16037.007874015748,0,ok,0,sha256:7a91723819e5e9edce4d3f0dd8ec30518b298f7361a5ca7f591c22e40e82f940,250,
workstation,chain-validate,4,3.82,539852800,15995.026178010472,0,ok,0,sha256:7a91723819e5e9edce4d3f0dd8ec30518b298f7361a5ca7f591c22e40e82f940,250,
workstation,chain-validate,5,3.81,539959296,16037.007874015748,0,ok,0,sha256:7a91723819e5e9edce4d3f0dd8ec30518b298f7361a5ca7f591c22e40e82f940,250,
workstation,chain-validate,6,3.79,539906048,16121.635883905014,0,ok,0,sha256:7a91723819e5e9edce4d3f0dd8ec30518b298f7361a5ca7f591c22e40e82f940,250,
workstation,chain-validate,7,3.8,539942912,16079.21052631579,0,ok,0,sha256:7a91723819e5e9edce4d3f0dd8ec30518b298f7361a5ca7f591c22e40e82f940,250,
workstation,access-explain,1,3.8,539865088,16079.21052631579,0,ok,0,sha256:731fd8ea3337840801ee53c3b45aa449a996e9dcb87ce9a13e00f6283755c602,561,
workstation,access-explain,2,3.8,539865088,16079.21052631579,0,ok,0,sha256:731fd8ea3337840801ee53c3b45aa449a996e9dcb87ce9a13e00f6283755c602,561,
workstation,access-explain,3,3.78,540045312,16164.285714285716,0,ok,0,sha256:731fd8ea3337840801ee53c3b45aa449a996e9dcb87ce9a13e00f6283755c602,561,
workstation,access-explain,4,3.82,539906048,15995.026178010472,0,ok,0,sha256:731fd8ea3337840801ee53c3b45aa449a996e9dcb87ce9a13e00f6283755c602,561,
workstation,access-explain,5,3.83,539992064,15953.263707571801,0,ok,0,sha256:731fd8ea3337840801ee53c3b45aa449a996e9dcb87ce9a13e00f6283755c602,561,
workstation,access-explain,6,3.82,539758592,15995.026178010472,0,ok,0,sha256:731fd8ea3337840801ee53c3b45aa449a996e9dcb87ce9a13e00f6283755c602,561,
workstation,access-explain,7,3.79,539865088,16121.635883905014,0,ok,0,sha256:731fd8ea3337840801ee53c3b45aa449a996e9dcb87ce9a13e00f6283755c602,561,
workstation,export-check,1,3.76,539873280,16250.265957446809,0,ok,0,sha256:e500901ae20af8b46917487384e240e0cf870472f30d184b6e1092193ef47272,356,
workstation,export-check,2,3.82,539803648,15995.026178010472,0,ok,0,sha256:e500901ae20af8b46917487384e240e0cf870472f30d184b6e1092193ef47272,356,
workstation,export-check,3,3.87,539893760,15788.372093023256,0,ok,0,sha256:e500901ae20af8b46917487384e240e0cf870472f30d184b6e1092193ef47272,356,
workstation,export-check,4,3.8,539824128,16079.21052631579,0,ok,0,sha256:e500901ae20af8b46917487384e240e0cf870472f30d184b6e1092193ef47272,356,
workstation,export-check,5,3.83,540053504,15953.263707571801,0,ok,0,sha256:e500901ae20af8b46917487384e240e0cf870472f30d184b6e1092193ef47272,356,
workstation,export-check,6,3.77,539934720,16207.161803713529,0,ok,0,sha256:e500901ae20af8b46917487384e240e0cf870472f30d184b6e1092193ef47272,356,
workstation,export-check,7,3.84,539951104,15911.71875,0,ok,0,sha256:e500901ae20af8b46917487384e240e0cf870472f30d184b6e1092193ef47272,356,
