profile,operation,repetition,wall_seconds,peak_rss_bytes,objects_per_second,process_exit_code,envelope_status,envelope_exit_code,stdout_sha256,stdout_bytes
smoke,parse-and-schema-validate,1,0.35,86315008,13931.428571428572,0,ok,0,sha256:7279761d25e6b1f217ab86e4f7220312fc274c76c44881a8587bd54a3dab2c59,211
smoke,parse-and-schema-validate,2,0.38,86147072,12831.578947368422,0,ok,0,sha256:7279761d25e6b1f217ab86e4f7220312fc274c76c44881a8587bd54a3dab2c59,211
smoke,parse-and-schema-validate,3,0.38,86274048,12831.578947368422,0,ok,0,sha256:7279761d25e6b1f217ab86e4f7220312fc274c76c44881a8587bd54a3dab2c59,211
smoke,parse-and-schema-validate,4,0.37,86401024,13178.378378378378,0,ok,0,sha256:7279761d25e6b1f217ab86e4f7220312fc274c76c44881a8587bd54a3dab2c59,211
smoke,parse-and-schema-validate,5,0.38,86376448,12831.578947368422,0,ok,0,sha256:7279761d25e6b1f217ab86e4f7220312fc274c76c44881a8587bd54a3dab2c59,211
smoke,parse-and-schema-validate,6,0.38,85954560,12831.578947368422,0,ok,0,sha256:7279761d25e6b1f217ab86e4f7220312fc274c76c44881a8587bd54a3dab2c59,211
smoke,parse-and-schema-validate,7,0.38,86155264,12831.578947368422,0,ok,0,sha256:7279761d25e6b1f217ab86e4f7220312fc274c76c44881a8587bd54a3dab2c59,211
smoke,whole-project-semantic-validate,1,0.37,86315008,13178.378378378378,0,ok,0,sha256:7279761d25e6b1f217ab86e4f7220312fc274c76c44881a8587bd54a3dab2c59,211
smoke,whole-project-semantic-validate,2,0.37,86224896,13178.378378378378,0,ok,0,sha256:7279761d25e6b1f217ab86e4f7220312fc274c76c44881a8587bd54a3dab2c59,211
smoke,whole-project-semantic-validate,3,0.37,86261760,13178.378378378378,0,ok,0,sha256:7279761d25e6b1f217ab86e4f7220312fc274c76c44881a8587bd54a3dab2c59,211
smoke,whole-project-semantic-validate,4,0.35,86310912,13931.428571428572,0,ok,0,sha256:7279761d25e6b1f217ab86e4f7220312fc274c76c44881a8587bd54a3dab2c59,211
smoke,whole-project-semantic-validate,5,0.37,86163456,13178.378378378378,0,ok,0,sha256:7279761d25e6b1f217ab86e4f7220312fc274c76c44881a8587bd54a3dab2c59,211
smoke,whole-project-semantic-validate,6,0.35,86380544,13931.428571428572,0,ok,0,sha256:7279761d25e6b1f217ab86e4f7220312fc274c76c44881a8587bd54a3dab2c59,211
smoke,whole-project-semantic-validate,7,0.37,86237184,13178.378378378378,0,ok,0,sha256:7279761d25e6b1f217ab86e4f7220312fc274c76c44881a8587bd54a3dab2c59,211
smoke,build-in-memory-projection,1,0.36,86421504,13544.444444444445,0,ok,0,sha256:7279761d25e6b1f217ab86e4f7220312fc274c76c44881a8587bd54a3dab2c59,211
smoke,build-in-memory-projection,2,0.35,86429696,13931.428571428572,0,ok,0,sha256:7279761d25e6b1f217ab86e4f7220312fc274c76c44881a8587bd54a3dab2c59,211
smoke,build-in-memory-projection,3,0.35,86368256,13931.428571428572,0,ok,0,sha256:7279761d25e6b1f217ab86e4f7220312fc274c76c44881a8587bd54a3dab2c59,211
smoke,build-in-memory-projection,4,0.35,86372352,13931.428571428572,0,ok,0,sha256:7279761d25e6b1f217ab86e4f7220312fc274c76c44881a8587bd54a3dab2c59,211
smoke,build-in-memory-projection,5,0.35,86351872,13931.428571428572,0,ok,0,sha256:7279761d25e6b1f217ab86e4f7220312fc274c76c44881a8587bd54a3dab2c59,211
smoke,build-in-memory-projection,6,0.36,86417408,13544.444444444445,0,ok,0,sha256:7279761d25e6b1f217ab86e4f7220312fc274c76c44881a8587bd54a3dab2c59,211
smoke,build-in-memory-projection,7,0.35,86401024,13931.428571428572,0,ok,0,sha256:7279761d25e6b1f217ab86e4f7220312fc274c76c44881a8587bd54a3dab2c59,211
smoke,overview,1,0.35,86425600,13931.428571428572,0,ok,0,sha256:e73dc6e3f71a1ff9fa8059944af42901df0c579749aee2a8c5e01041bb515960,2851
smoke,overview,2,0.38,86376448,12831.578947368422,0,ok,0,sha256:e73dc6e3f71a1ff9fa8059944af42901df0c579749aee2a8c5e01041bb515960,2851
smoke,overview,3,0.38,86237184,12831.578947368422,0,ok,0,sha256:e73dc6e3f71a1ff9fa8059944af42901df0c579749aee2a8c5e01041bb515960,2851
smoke,overview,4,0.36,86421504,13544.444444444445,0,ok,0,sha256:e73dc6e3f71a1ff9fa8059944af42901df0c579749aee2a8c5e01041bb515960,2851
smoke,overview,5,0.36,86331392,13544.444444444445,0,ok,0,sha256:e73dc6e3f71a1ff9fa8059944af42901df0c579749aee2a8c5e01041bb515960,2851
smoke,overview,6,0.36,86364160,13544.444444444445,0,ok,0,sha256:e73dc6e3f71a1ff9fa8059944af42901df0c579749aee2a8c5e01041bb515960,2851
smoke,overview,7,0.37,86167552,13178.378378378378,0,ok,0,sha256:e73dc6e3f71a1ff9fa8059944af42901df0c579749aee2a8c5e01041bb515960,2851
smoke,show-exact-id,1,0.36,86441984,13544.444444444445,0,ok,0,sha256:55b3aae4fc6127881d5c5270f12b692d2fcd04ccb01568df23c8fbe5f3c3d789,3510
smoke,show-exact-id,2,0.36,86319104,13544.444444444445,0,ok,0,sha256:55b3aae4fc6127881d5c5270f12b692d2fcd04ccb01568df23c8fbe5f3c3d789,3510
smoke,show-exact-id,3,0.35,86491136,13931.428571428572,0,ok,0,sha256:55b3aae4fc6127881d5c5270f12b692d2fcd04ccb01568df23c8fbe5f3c3d789,3510
smoke,show-exact-id,4,0.35,86364160,13931.428571428572,0,ok,0,sha256:55b3aae4fc6127881d5c5270f12b692d2fcd04ccb01568df23c8fbe5f3c3d789,3510
smoke,show-exact-id,5,0.35,86413312,13931.428571428572,0,ok,0,sha256:55b3aae4fc6127881d5c5270f12b692d2fcd04ccb01568df23c8fbe5f3c3d789,3510
smoke,show-exact-id,6,0.36,86298624,13544.444444444445,0,ok,0,sha256:55b3aae4fc6127881d5c5270f12b692d2fcd04ccb01568df23c8fbe5f3c3d789,3510
smoke,show-exact-id,7,0.35,86360064,13931.428571428572,0,ok,0,sha256:55b3aae4fc6127881d5c5270f12b692d2fcd04ccb01568df23c8fbe5f3c3d789,3510
smoke,history-logical-id,1,0.36,86429696,13544.444444444445,0,ok,0,sha256:98220a716f8fbf12728326d765f0d8f083a10232893e352f2a298f6186ae8493,18884
smoke,history-logical-id,2,0.36,86360064,13544.444444444445,0,ok,0,sha256:98220a716f8fbf12728326d765f0d8f083a10232893e352f2a298f6186ae8493,18884
smoke,history-logical-id,3,0.36,86425600,13544.444444444445,0,ok,0,sha256:98220a716f8fbf12728326d765f0d8f083a10232893e352f2a298f6186ae8493,18884
smoke,history-logical-id,4,0.35,86360064,13931.428571428572,0,ok,0,sha256:98220a716f8fbf12728326d765f0d8f083a10232893e352f2a298f6186ae8493,18884
smoke,history-logical-id,5,0.35,86290432,13931.428571428572,0,ok,0,sha256:98220a716f8fbf12728326d765f0d8f083a10232893e352f2a298f6186ae8493,18884
smoke,history-logical-id,6,0.35,86425600,13931.428571428572,0,ok,0,sha256:98220a716f8fbf12728326d765f0d8f083a10232893e352f2a298f6186ae8493,18884
smoke,history-logical-id,7,0.36,86294528,13544.444444444445,0,ok,0,sha256:98220a716f8fbf12728326d765f0d8f083a10232893e352f2a298f6186ae8493,18884
smoke,query-kind-and-thread,1,0.35,86306816,13931.428571428572,0,ok,0,sha256:3d965625a53f859733d82fb079a2d13be1972e893f0e2e37608070c1057b3161,387
smoke,query-kind-and-thread,2,0.36,86319104,13544.444444444445,0,ok,0,sha256:3d965625a53f859733d82fb079a2d13be1972e893f0e2e37608070c1057b3161,387
smoke,query-kind-and-thread,3,0.35,86282240,13931.428571428572,0,ok,0,sha256:3d965625a53f859733d82fb079a2d13be1972e893f0e2e37608070c1057b3161,387
smoke,query-kind-and-thread,4,0.37,86343680,13178.378378378378,0,ok,0,sha256:3d965625a53f859733d82fb079a2d13be1972e893f0e2e37608070c1057b3161,387
smoke,query-kind-and-thread,5,0.35,86417408,13931.428571428572,0,ok,0,sha256:3d965625a53f859733d82fb079a2d13be1972e893f0e2e37608070c1057b3161,387
smoke,query-kind-and-thread,6,0.36,86384640,13544.444444444445,0,ok,0,sha256:3d965625a53f859733d82fb079a2d13be1972e893f0e2e37608070c1057b3161,387
smoke,query-kind-and-thread,7,0.35,86364160,13931.428571428572,0,ok,0,sha256:3d965625a53f859733d82fb079a2d13be1972e893f0e2e37608070c1057b3161,387
smoke,chain-validate,1,0.35,86364160,13931.428571428572,0,ok,0,sha256:51d8b682b380b71cb34debd36b8b5918b5101277ca2e528ed426887acb44c356,250
smoke,chain-validate,2,0.35,86401024,13931.428571428572,0,ok,0,sha256:51d8b682b380b71cb34debd36b8b5918b5101277ca2e528ed426887acb44c356,250
smoke,chain-validate,3,0.35,86421504,13931.428571428572,0,ok,0,sha256:51d8b682b380b71cb34debd36b8b5918b5101277ca2e528ed426887acb44c356,250
smoke,chain-validate,4,0.35,86437888,13931.428571428572,0,ok,0,sha256:51d8b682b380b71cb34debd36b8b5918b5101277ca2e528ed426887acb44c356,250
smoke,chain-validate,5,0.36,86425600,13544.444444444445,0,ok,0,sha256:51d8b682b380b71cb34debd36b8b5918b5101277ca2e528ed426887acb44c356,250
smoke,chain-validate,6,0.36,86499328,13544.444444444445,0,ok,0,sha256:51d8b682b380b71cb34debd36b8b5918b5101277ca2e528ed426887acb44c356,250
smoke,chain-validate,7,0.36,86495232,13544.444444444445,0,ok,0,sha256:51d8b682b380b71cb34debd36b8b5918b5101277ca2e528ed426887acb44c356,250
smoke,access-explain,1,0.37,86294528,13178.378378378378,0,ok,0,sha256:0a8a271a158ee823b4e95f3230abd56649e1c5f39c6a739affe9169acdd95f23,561
smoke,access-explain,2,0.36,86388736,13544.444444444445,0,ok,0,sha256:0a8a271a158ee823b4e95f3230abd56649e1c5f39c6a739affe9169acdd95f23,561
smoke,access-explain,3,0.35,86331392,13931.428571428572,0,ok,0,sha256:0a8a271a158ee823b4e95f3230abd56649e1c5f39c6a739affe9169acdd95f23,561
smoke,access-explain,4,0.35,86343680,13931.428571428572,0,ok,0,sha256:0a8a271a158ee823b4e95f3230abd56649e1c5f39c6a739affe9169acdd95f23,561
smoke,access-explain,5,0.36,86417408,13544.444444444445,0,ok,0,sha256:0a8a271a158ee823b4e95f3230abd56649e1c5f39c6a739affe9169acdd95f23,561
smoke,access-explain,6,0.35,86396928,13931.428571428572,0,ok,0,sha256:0a8a271a158ee823b4e95f3230abd56649e1c5f39c6a739affe9169acdd95f23,561
smoke,access-explain,7,0.35,86429696,13931.428571428572,0,ok,0,sha256:0a8a271a158ee823b4e95f3230abd56649e1c5f39c6a739affe9169acdd95f23,561
smoke,export-check,1,0.37,86298624,13178.378378378378,0,ok,0,sha256:e92d0bc973819af371d2809adc3806ad2db46ece3d617c1af864e966a19f12b3,356
smoke,export-check,2,0.37,86253568,13178.378378378378,0,ok,0,sha256:e92d0bc973819af371d2809adc3806ad2db46ece3d617c1af864e966a19f12b3,356
smoke,export-check,3,0.37,86401024,13178.378378378378,0,ok,0,sha256:e92d0bc973819af371d2809adc3806ad2db46ece3d617c1af864e966a19f12b3,356
smoke,export-check,4,0.37,86347776,13178.378378378378,0,ok,0,sha256:e92d0bc973819af371d2809adc3806ad2db46ece3d617c1af864e966a19f12b3,356
smoke,export-check,5,0.35,86364160,13931.428571428572,0,ok,0,sha256:e92d0bc973819af371d2809adc3806ad2db46ece3d617c1af864e966a19f12b3,356
smoke,export-check,6,0.36,86274048,13544.444444444445,0,ok,0,sha256:e92d0bc973819af371d2809adc3806ad2db46ece3d617c1af864e966a19f12b3,356
smoke,export-check,7,0.38,86151168,12831.578947368422,0,ok,0,sha256:e92d0bc973819af371d2809adc3806ad2db46ece3d617c1af864e966a19f12b3,356
